[
{
  "model": "school.questionset",
  "pk": 3,
  "fields": {
    "title": "Priorites - Niveau 1",
    "description": "Les regles de priorite a connaitre absolument.",
    "created_by": 7,
    "is_published": true,
    "created_at": "2026-05-10T18:43:56.911Z"
  }
},
{
  "model": "school.questionset",
  "pk": 4,
  "fields": {
    "title": "Signalisation - Panneaux",
    "description": "Reconnaitre et interpreter les panneaux routiers.",
    "created_by": 7,
    "is_published": true,
    "created_at": "2026-05-10T18:43:56.957Z"
  }
},
{
  "model": "school.questionset",
  "pk": 5,
  "fields": {
    "title": "Vitesses autorisees",
    "description": "Limitations de vitesse en France.",
    "created_by": 7,
    "is_published": true,
    "created_at": "2026-05-10T18:43:57.000Z"
  }
},
{
  "model": "school.questionset",
  "pk": 6,
  "fields": {
    "title": "Alcool et drogues",
    "description": "Taux et sanctions liees a l'alcool / aux stupefiants.",
    "created_by": 7,
    "is_published": true,
    "created_at": "2026-05-10T18:43:57.042Z"
  }
},
{
  "model": "school.questionset",
  "pk": 7,
  "fields": {
    "title": "Distances de securite",
    "description": "Calculer et respecter les distances.",
    "created_by": 7,
    "is_published": true,
    "created_at": "2026-05-10T18:43:57.083Z"
  }
},
{
  "model": "school.questionset",
  "pk": 8,
  "fields": {
    "title": "Stationnement",
    "description": "Regles de stationnement et arret.",
    "created_by": 7,
    "is_published": true,
    "created_at": "2026-05-10T18:43:57.123Z"
  }
},
{
  "model": "school.questionset",
  "pk": 9,
  "fields": {
    "title": "Premiers secours",
    "description": "Que faire en cas d'accident.",
    "created_by": 7,
    "is_published": true,
    "created_at": "2026-05-10T18:43:57.175Z"
  }
},
{
  "model": "school.questionset",
  "pk": 10,
  "fields": {
    "title": "Mecanique de base",
    "description": "Connaissances mecaniques minimales.",
    "created_by": 7,
    "is_published": true,
    "created_at": "2026-05-10T18:43:57.216Z"
  }
},
{
  "model": "school.questionset",
  "pk": 11,
  "fields": {
    "title": "Conduite de nuit",
    "description": "Particularites de la conduite nocturne.",
    "created_by": 7,
    "is_published": true,
    "created_at": "2026-05-10T18:43:57.256Z"
  }
},
{
  "model": "school.questionset",
  "pk": 12,
  "fields": {
    "title": "Eco-conduite",
    "description": "Conduire de maniere economique et ecologique.",
    "created_by": 7,
    "is_published": true,
    "created_at": "2026-05-10T18:43:57.300Z"
  }
},
{
  "model": "school.question",
  "pk": 3,
  "fields": {
    "question_set": 3,
    "text": "A une intersection sans signalisation, qui a la priorite ?",
    "explanation": "Priorite a droite par defaut.",
    "order": 1
  }
},
{
  "model": "school.question",
  "pk": 4,
  "fields": {
    "question_set": 3,
    "text": "Un panneau STOP impose-t-il un arret complet ?",
    "explanation": "Le STOP impose un arret total, pieds a l'arret.",
    "order": 2
  }
},
{
  "model": "school.question",
  "pk": 5,
  "fields": {
    "question_set": 3,
    "text": "Sur un rond-point sans signalisation, qui a la priorite ?",
    "explanation": "Sans panneau, priorite a celui qui entre (rare en France).",
    "order": 3
  }
},
{
  "model": "school.question",
  "pk": 6,
  "fields": {
    "question_set": 3,
    "text": "Un bus quitte un arret en agglomeration. Que faire ?",
    "explanation": "Le bus a la priorite en agglomeration.",
    "order": 4
  }
},
{
  "model": "school.question",
  "pk": 7,
  "fields": {
    "question_set": 3,
    "text": "A une intersection avec un panneau 'Cedez le passage' :",
    "explanation": "Vous devez ceder a tous les vehicules sur la voie prioritaire.",
    "order": 5
  }
},
{
  "model": "school.question",
  "pk": 8,
  "fields": {
    "question_set": 4,
    "text": "Un panneau triangulaire pointe en haut indique :",
    "explanation": "Forme triangulaire = panneau de danger.",
    "order": 1
  }
},
{
  "model": "school.question",
  "pk": 9,
  "fields": {
    "question_set": 4,
    "text": "Un panneau rond a fond bleu indique :",
    "explanation": "Bleu rond = obligation.",
    "order": 2
  }
},
{
  "model": "school.question",
  "pk": 10,
  "fields": {
    "question_set": 4,
    "text": "Un panneau rond a bordure rouge :",
    "explanation": "Rouge cercle = interdiction.",
    "order": 3
  }
},
{
  "model": "school.question",
  "pk": 11,
  "fields": {
    "question_set": 4,
    "text": "Le panneau 'fin de toutes les interdictions' est :",
    "explanation": "Cercle blanc avec barres diagonales noires.",
    "order": 4
  }
},
{
  "model": "school.question",
  "pk": 12,
  "fields": {
    "question_set": 4,
    "text": "Une ligne blanche continue au sol :",
    "explanation": "Ligne continue = franchissement interdit.",
    "order": 5
  }
},
{
  "model": "school.question",
  "pk": 13,
  "fields": {
    "question_set": 5,
    "text": "Vitesse max en agglomeration (voiture, conditions normales) :",
    "explanation": "50 km/h sauf indication contraire.",
    "order": 1
  }
},
{
  "model": "school.question",
  "pk": 14,
  "fields": {
    "question_set": 5,
    "text": "Vitesse max sur route bidirectionnelle hors agglo :",
    "explanation": "80 km/h depuis 2018.",
    "order": 2
  }
},
{
  "model": "school.question",
  "pk": 15,
  "fields": {
    "question_set": 5,
    "text": "Vitesse max sur autoroute par temps sec :",
    "explanation": "130 km/h sauf indication contraire.",
    "order": 3
  }
},
{
  "model": "school.question",
  "pk": 16,
  "fields": {
    "question_set": 5,
    "text": "Vitesse max sur autoroute par pluie :",
    "explanation": "Reduction de 20 km/h sous la pluie.",
    "order": 4
  }
},
{
  "model": "school.question",
  "pk": 17,
  "fields": {
    "question_set": 5,
    "text": "Jeune conducteur, vitesse max sur autoroute :",
    "explanation": "Permis probatoire = 110 km/h sur autoroute.",
    "order": 5
  }
},
{
  "model": "school.question",
  "pk": 18,
  "fields": {
    "question_set": 6,
    "text": "Taux legal d'alcool dans le sang (permis classique) :",
    "explanation": "0.5 g/L de sang en France.",
    "order": 1
  }
},
{
  "model": "school.question",
  "pk": 19,
  "fields": {
    "question_set": 6,
    "text": "Taux legal pour un jeune conducteur :",
    "explanation": "Permis probatoire = 0.2 g/L (tolerance zero ou presque).",
    "order": 2
  }
},
{
  "model": "school.question",
  "pk": 20,
  "fields": {
    "question_set": 6,
    "text": "Une biere standard fait monter le taux d'environ :",
    "explanation": "Environ 0.20 a 0.25 g/L par verre standard.",
    "order": 3
  }
},
{
  "model": "school.question",
  "pk": 21,
  "fields": {
    "question_set": 6,
    "text": "Conduite sous stupefiants :",
    "explanation": "Delit, meme en petite quantite.",
    "order": 4
  }
},
{
  "model": "school.question",
  "pk": 22,
  "fields": {
    "question_set": 6,
    "text": "Refus de soufflage de l'ethylotest :",
    "explanation": "Considere comme delit, sanctions identiques a l'alcoolemie elevee.",
    "order": 5
  }
},
{
  "model": "school.question",
  "pk": 23,
  "fields": {
    "question_set": 7,
    "text": "Distance de securite minimale par temps sec :",
    "explanation": "Regle des 2 secondes entre vehicules.",
    "order": 1
  }
},
{
  "model": "school.question",
  "pk": 24,
  "fields": {
    "question_set": 7,
    "text": "Distance de freinage a 90 km/h sur sol sec :",
    "explanation": "Environ 56 metres (formule v^2 / 150 sur sol sec).",
    "order": 2
  }
},
{
  "model": "school.question",
  "pk": 25,
  "fields": {
    "question_set": 7,
    "text": "Sous la pluie, la distance de freinage :",
    "explanation": "Double environ par rapport au sol sec.",
    "order": 3
  }
},
{
  "model": "school.question",
  "pk": 26,
  "fields": {
    "question_set": 7,
    "text": "Temps de reaction moyen d'un conducteur :",
    "explanation": "Environ 1 seconde en condition normale.",
    "order": 4
  }
},
{
  "model": "school.question",
  "pk": 27,
  "fields": {
    "question_set": 7,
    "text": "Sur autoroute, intervalle minimum entre vehicules :",
    "explanation": "Au moins 2 traits blancs (~ 90 m a 130 km/h).",
    "order": 5
  }
},
{
  "model": "school.question",
  "pk": 28,
  "fields": {
    "question_set": 8,
    "text": "Stationner devant une bouche d'incendie :",
    "explanation": "Interdit, considere comme tres genant.",
    "order": 1
  }
},
{
  "model": "school.question",
  "pk": 29,
  "fields": {
    "question_set": 8,
    "text": "Une ligne jaune continue au bord :",
    "explanation": "Stationnement et arret interdits.",
    "order": 2
  }
},
{
  "model": "school.question",
  "pk": 30,
  "fields": {
    "question_set": 8,
    "text": "Stationner sur un trottoir :",
    "explanation": "Tres genant, amende elevee.",
    "order": 3
  }
},
{
  "model": "school.question",
  "pk": 31,
  "fields": {
    "question_set": 8,
    "text": "Une ligne jaune discontinue :",
    "explanation": "Arret autorise mais stationnement interdit.",
    "order": 4
  }
},
{
  "model": "school.question",
  "pk": 32,
  "fields": {
    "question_set": 8,
    "text": "Sur une place handicape sans GIC/GIG :",
    "explanation": "Amende forfaitaire elevee + mise en fourriere possible.",
    "order": 5
  }
},
{
  "model": "school.question",
  "pk": 33,
  "fields": {
    "question_set": 9,
    "text": "Etapes en cas d'accident :",
    "explanation": "Proteger, Alerter, Secourir (PAS).",
    "order": 1
  }
},
{
  "model": "school.question",
  "pk": 34,
  "fields": {
    "question_set": 9,
    "text": "Numero d'urgence europeen :",
    "explanation": "112 fonctionne dans toute l'UE.",
    "order": 2
  }
},
{
  "model": "school.question",
  "pk": 35,
  "fields": {
    "question_set": 9,
    "text": "Numero des pompiers en France :",
    "explanation": "18 = pompiers.",
    "order": 3
  }
},
{
  "model": "school.question",
  "pk": 36,
  "fields": {
    "question_set": 9,
    "text": "Faut-il deplacer un blesse hors du vehicule ?",
    "explanation": "Sauf danger immediat (incendie), on ne deplace pas.",
    "order": 4
  }
},
{
  "model": "school.question",
  "pk": 37,
  "fields": {
    "question_set": 9,
    "text": "Triangle de presignalisation place a quelle distance ?",
    "explanation": "Au moins 30 m, et plus loin sur autoroute.",
    "order": 5
  }
},
{
  "model": "school.question",
  "pk": 38,
  "fields": {
    "question_set": 10,
    "text": "Pression des pneus a verifier :",
    "explanation": "Au moins une fois par mois et avant long trajet, a froid.",
    "order": 1
  }
},
{
  "model": "school.question",
  "pk": 39,
  "fields": {
    "question_set": 10,
    "text": "Profondeur minimale legale des sculptures de pneu :",
    "explanation": "1.6 mm minimum.",
    "order": 2
  }
},
{
  "model": "school.question",
  "pk": 40,
  "fields": {
    "question_set": 10,
    "text": "Voyant rouge moteur allume, que faire ?",
    "explanation": "Anomalie grave, s'arreter en securite.",
    "order": 3
  }
},
{
  "model": "school.question",
  "pk": 41,
  "fields": {
    "question_set": 10,
    "text": "Liquide de refroidissement bas :",
    "explanation": "A faire d'appoint a froid uniquement, risque de surchauffe.",
    "order": 4
  }
},
{
  "model": "school.question",
  "pk": 42,
  "fields": {
    "question_set": 10,
    "text": "Controle technique passe tous les :",
    "explanation": "2 ans, apres les 4 ans du vehicule neuf.",
    "order": 5
  }
},
{
  "model": "school.question",
  "pk": 43,
  "fields": {
    "question_set": 11,
    "text": "En croisement la nuit, quels feux utiliser ?",
    "explanation": "Feux de croisement pour ne pas eblouir.",
    "order": 1
  }
},
{
  "model": "school.question",
  "pk": 44,
  "fields": {
    "question_set": 11,
    "text": "Eblouissement par les feux d'un vehicule en face :",
    "explanation": "Regarder le bord droit de la chaussee.",
    "order": 2
  }
},
{
  "model": "school.question",
  "pk": 45,
  "fields": {
    "question_set": 11,
    "text": "Vehicule arrete la nuit hors agglomeration :",
    "explanation": "Allumer les feux de position au minimum.",
    "order": 3
  }
},
{
  "model": "school.question",
  "pk": 46,
  "fields": {
    "question_set": 11,
    "text": "La nuit, la fatigue se manifeste par :",
    "explanation": "Baillements, picotements, perte d'attention.",
    "order": 4
  }
},
{
  "model": "school.question",
  "pk": 47,
  "fields": {
    "question_set": 11,
    "text": "Fatigue : pause recommandee toutes les :",
    "explanation": "2 heures de conduite continue.",
    "order": 5
  }
},
{
  "model": "school.question",
  "pk": 48,
  "fields": {
    "question_set": 12,
    "text": "Pour reduire la consommation, on doit :",
    "explanation": "Anticiper et eviter les freinages brusques.",
    "order": 1
  }
},
{
  "model": "school.question",
  "pk": 49,
  "fields": {
    "question_set": 12,
    "text": "Vitesse la plus economique sur autoroute :",
    "explanation": "Autour de 110 km/h consomme nettement moins que 130.",
    "order": 2
  }
},
{
  "model": "school.question",
  "pk": 50,
  "fields": {
    "question_set": 12,
    "text": "Sur-gonflage des pneus :",
    "explanation": "Reduit l'adherence, dangereux meme si reduit la conso.",
    "order": 3
  }
},
{
  "model": "school.question",
  "pk": 51,
  "fields": {
    "question_set": 12,
    "text": "Coffre de toit et consommation :",
    "explanation": "Augmente la consommation (resistance a l'air).",
    "order": 4
  }
},
{
  "model": "school.question",
  "pk": 52,
  "fields": {
    "question_set": 12,
    "text": "Climatisation a forte vitesse :",
    "explanation": "Moins gourmande qu'une fenetre ouverte a > 80 km/h.",
    "order": 5
  }
},
{
  "model": "school.choice",
  "pk": 7,
  "fields": {
    "question": 3,
    "text": "Le vehicule venant de droite",
    "is_correct": true
  }
},
{
  "model": "school.choice",
  "pk": 8,
  "fields": {
    "question": 3,
    "text": "Le vehicule venant de gauche",
    "is_correct": false
  }
},
{
  "model": "school.choice",
  "pk": 9,
  "fields": {
    "question": 3,
    "text": "Le plus rapide",
    "is_correct": false
  }
},
{
  "model": "school.choice",
  "pk": 10,
  "fields": {
    "question": 3,
    "text": "Le plus gros vehicule",
    "is_correct": false
  }
},
{
  "model": "school.choice",
  "pk": 11,
  "fields": {
    "question": 4,
    "text": "Oui, arret obligatoire",
    "is_correct": true
  }
},
{
  "model": "school.choice",
  "pk": 12,
  "fields": {
    "question": 4,
    "text": "Non, juste ralentir",
    "is_correct": false
  }
},
{
  "model": "school.choice",
  "pk": 13,
  "fields": {
    "question": 4,
    "text": "Seulement si une voiture arrive",
    "is_correct": false
  }
},
{
  "model": "school.choice",
  "pk": 14,
  "fields": {
    "question": 4,
    "text": "Uniquement la nuit",
    "is_correct": false
  }
},
{
  "model": "school.choice",
  "pk": 15,
  "fields": {
    "question": 5,
    "text": "Celui qui est deja engage",
    "is_correct": false
  }
},
{
  "model": "school.choice",
  "pk": 16,
  "fields": {
    "question": 5,
    "text": "Celui qui entre (priorite a droite)",
    "is_correct": true
  }
},
{
  "model": "school.choice",
  "pk": 17,
  "fields": {
    "question": 5,
    "text": "Personne",
    "is_correct": false
  }
},
{
  "model": "school.choice",
  "pk": 18,
  "fields": {
    "question": 5,
    "text": "Le plus rapide",
    "is_correct": false
  }
},
{
  "model": "school.choice",
  "pk": 19,
  "fields": {
    "question": 6,
    "text": "Lui ceder le passage",
    "is_correct": true
  }
},
{
  "model": "school.choice",
  "pk": 20,
  "fields": {
    "question": 6,
    "text": "Le doubler rapidement",
    "is_correct": false
  }
},
{
  "model": "school.choice",
  "pk": 21,
  "fields": {
    "question": 6,
    "text": "Klaxonner",
    "is_correct": false
  }
},
{
  "model": "school.choice",
  "pk": 22,
  "fields": {
    "question": 6,
    "text": "Couper sa route",
    "is_correct": false
  }
},
{
  "model": "school.choice",
  "pk": 23,
  "fields": {
    "question": 7,
    "text": "Vous laissez passer les autres",
    "is_correct": true
  }
},
{
  "model": "school.choice",
  "pk": 24,
  "fields": {
    "question": 7,
    "text": "Vous avez la priorite",
    "is_correct": false
  }
},
{
  "model": "school.choice",
  "pk": 25,
  "fields": {
    "question": 7,
    "text": "Vous arretez systematiquement",
    "is_correct": false
  }
},
{
  "model": "school.choice",
  "pk": 26,
  "fields": {
    "question": 7,
    "text": "Vous accelerez",
    "is_correct": false
  }
},
{
  "model": "school.choice",
  "pk": 27,
  "fields": {
    "question": 8,
    "text": "Un danger",
    "is_correct": true
  }
},
{
  "model": "school.choice",
  "pk": 28,
  "fields": {
    "question": 8,
    "text": "Une obligation",
    "is_correct": false
  }
},
{
  "model": "school.choice",
  "pk": 29,
  "fields": {
    "question": 8,
    "text": "Une interdiction",
    "is_correct": false
  }
},
{
  "model": "school.choice",
  "pk": 30,
  "fields": {
    "question": 8,
    "text": "Une indication",
    "is_correct": false
  }
},
{
  "model": "school.choice",
  "pk": 31,
  "fields": {
    "question": 9,
    "text": "Une interdiction",
    "is_correct": false
  }
},
{
  "model": "school.choice",
  "pk": 32,
  "fields": {
    "question": 9,
    "text": "Une obligation",
    "is_correct": true
  }
},
{
  "model": "school.choice",
  "pk": 33,
  "fields": {
    "question": 9,
    "text": "Un danger",
    "is_correct": false
  }
},
{
  "model": "school.choice",
  "pk": 34,
  "fields": {
    "question": 9,
    "text": "Une fin d'interdiction",
    "is_correct": false
  }
},
{
  "model": "school.choice",
  "pk": 35,
  "fields": {
    "question": 10,
    "text": "Indique une interdiction",
    "is_correct": true
  }
},
{
  "model": "school.choice",
  "pk": 36,
  "fields": {
    "question": 10,
    "text": "Indique une obligation",
    "is_correct": false
  }
},
{
  "model": "school.choice",
  "pk": 37,
  "fields": {
    "question": 10,
    "text": "Indique un danger",
    "is_correct": false
  }
},
{
  "model": "school.choice",
  "pk": 38,
  "fields": {
    "question": 10,
    "text": "Indique une priorite",
    "is_correct": false
  }
},
{
  "model": "school.choice",
  "pk": 39,
  "fields": {
    "question": 11,
    "text": "Rond blanc avec barres noires",
    "is_correct": true
  }
},
{
  "model": "school.choice",
  "pk": 40,
  "fields": {
    "question": 11,
    "text": "Triangulaire rouge",
    "is_correct": false
  }
},
{
  "model": "school.choice",
  "pk": 41,
  "fields": {
    "question": 11,
    "text": "Carre bleu",
    "is_correct": false
  }
},
{
  "model": "school.choice",
  "pk": 42,
  "fields": {
    "question": 11,
    "text": "Octogonal rouge",
    "is_correct": false
  }
},
{
  "model": "school.choice",
  "pk": 43,
  "fields": {
    "question": 12,
    "text": "Ne doit pas etre franchie",
    "is_correct": true
  }
},
{
  "model": "school.choice",
  "pk": 44,
  "fields": {
    "question": 12,
    "text": "Peut etre franchie pour doubler",
    "is_correct": false
  }
},
{
  "model": "school.choice",
  "pk": 45,
  "fields": {
    "question": 12,
    "text": "Indique un parking",
    "is_correct": false
  }
},
{
  "model": "school.choice",
  "pk": 46,
  "fields": {
    "question": 12,
    "text": "Marque un passage pieton",
    "is_correct": false
  }
},
{
  "model": "school.choice",
  "pk": 47,
  "fields": {
    "question": 13,
    "text": "30 km/h",
    "is_correct": false
  }
},
{
  "model": "school.choice",
  "pk": 48,
  "fields": {
    "question": 13,
    "text": "50 km/h",
    "is_correct": true
  }
},
{
  "model": "school.choice",
  "pk": 49,
  "fields": {
    "question": 13,
    "text": "70 km/h",
    "is_correct": false
  }
},
{
  "model": "school.choice",
  "pk": 50,
  "fields": {
    "question": 13,
    "text": "90 km/h",
    "is_correct": false
  }
},
{
  "model": "school.choice",
  "pk": 51,
  "fields": {
    "question": 14,
    "text": "70 km/h",
    "is_correct": false
  }
},
{
  "model": "school.choice",
  "pk": 52,
  "fields": {
    "question": 14,
    "text": "80 km/h",
    "is_correct": true
  }
},
{
  "model": "school.choice",
  "pk": 53,
  "fields": {
    "question": 14,
    "text": "90 km/h",
    "is_correct": false
  }
},
{
  "model": "school.choice",
  "pk": 54,
  "fields": {
    "question": 14,
    "text": "110 km/h",
    "is_correct": false
  }
},
{
  "model": "school.choice",
  "pk": 55,
  "fields": {
    "question": 15,
    "text": "110 km/h",
    "is_correct": false
  }
},
{
  "model": "school.choice",
  "pk": 56,
  "fields": {
    "question": 15,
    "text": "120 km/h",
    "is_correct": false
  }
},
{
  "model": "school.choice",
  "pk": 57,
  "fields": {
    "question": 15,
    "text": "130 km/h",
    "is_correct": true
  }
},
{
  "model": "school.choice",
  "pk": 58,
  "fields": {
    "question": 15,
    "text": "150 km/h",
    "is_correct": false
  }
},
{
  "model": "school.choice",
  "pk": 59,
  "fields": {
    "question": 16,
    "text": "100 km/h",
    "is_correct": false
  }
},
{
  "model": "school.choice",
  "pk": 60,
  "fields": {
    "question": 16,
    "text": "110 km/h",
    "is_correct": true
  }
},
{
  "model": "school.choice",
  "pk": 61,
  "fields": {
    "question": 16,
    "text": "120 km/h",
    "is_correct": false
  }
},
{
  "model": "school.choice",
  "pk": 62,
  "fields": {
    "question": 16,
    "text": "130 km/h",
    "is_correct": false
  }
},
{
  "model": "school.choice",
  "pk": 63,
  "fields": {
    "question": 17,
    "text": "100 km/h",
    "is_correct": false
  }
},
{
  "model": "school.choice",
  "pk": 64,
  "fields": {
    "question": 17,
    "text": "110 km/h",
    "is_correct": true
  }
},
{
  "model": "school.choice",
  "pk": 65,
  "fields": {
    "question": 17,
    "text": "130 km/h",
    "is_correct": false
  }
},
{
  "model": "school.choice",
  "pk": 66,
  "fields": {
    "question": 17,
    "text": "90 km/h",
    "is_correct": false
  }
},
{
  "model": "school.choice",
  "pk": 67,
  "fields": {
    "question": 18,
    "text": "0.2 g/L",
    "is_correct": false
  }
},
{
  "model": "school.choice",
  "pk": 68,
  "fields": {
    "question": 18,
    "text": "0.5 g/L",
    "is_correct": true
  }
},
{
  "model": "school.choice",
  "pk": 69,
  "fields": {
    "question": 18,
    "text": "0.8 g/L",
    "is_correct": false
  }
},
{
  "model": "school.choice",
  "pk": 70,
  "fields": {
    "question": 18,
    "text": "1.0 g/L",
    "is_correct": false
  }
},
{
  "model": "school.choice",
  "pk": 71,
  "fields": {
    "question": 19,
    "text": "0.5 g/L",
    "is_correct": false
  }
},
{
  "model": "school.choice",
  "pk": 72,
  "fields": {
    "question": 19,
    "text": "0.2 g/L",
    "is_correct": true
  }
},
{
  "model": "school.choice",
  "pk": 73,
  "fields": {
    "question": 19,
    "text": "0.0 g/L",
    "is_correct": false
  }
},
{
  "model": "school.choice",
  "pk": 74,
  "fields": {
    "question": 19,
    "text": "0.8 g/L",
    "is_correct": false
  }
},
{
  "model": "school.choice",
  "pk": 75,
  "fields": {
    "question": 20,
    "text": "0.05 g/L",
    "is_correct": false
  }
},
{
  "model": "school.choice",
  "pk": 76,
  "fields": {
    "question": 20,
    "text": "0.20 g/L",
    "is_correct": true
  }
},
{
  "model": "school.choice",
  "pk": 77,
  "fields": {
    "question": 20,
    "text": "0.50 g/L",
    "is_correct": false
  }
},
{
  "model": "school.choice",
  "pk": 78,
  "fields": {
    "question": 20,
    "text": "1.00 g/L",
    "is_correct": false
  }
},
{
  "model": "school.choice",
  "pk": 79,
  "fields": {
    "question": 21,
    "text": "Tolere si quantite faible",
    "is_correct": false
  }
},
{
  "model": "school.choice",
  "pk": 80,
  "fields": {
    "question": 21,
    "text": "Toujours un delit",
    "is_correct": true
  }
},
{
  "model": "school.choice",
  "pk": 81,
  "fields": {
    "question": 21,
    "text": "Simple contravention",
    "is_correct": false
  }
},
{
  "model": "school.choice",
  "pk": 82,
  "fields": {
    "question": 21,
    "text": "Autorise hors agglomeration",
    "is_correct": false
  }
},
{
  "model": "school.choice",
  "pk": 83,
  "fields": {
    "question": 22,
    "text": "Sans consequence",
    "is_correct": false
  }
},
{
  "model": "school.choice",
  "pk": 84,
  "fields": {
    "question": 22,
    "text": "Considere comme un delit",
    "is_correct": true
  }
},
{
  "model": "school.choice",
  "pk": 85,
  "fields": {
    "question": 22,
    "text": "Simple amende",
    "is_correct": false
  }
},
{
  "model": "school.choice",
  "pk": 86,
  "fields": {
    "question": 22,
    "text": "Avertissement",
    "is_correct": false
  }
},
{
  "model": "school.choice",
  "pk": 87,
  "fields": {
    "question": 23,
    "text": "1 seconde",
    "is_correct": false
  }
},
{
  "model": "school.choice",
  "pk": 88,
  "fields": {
    "question": 23,
    "text": "2 secondes",
    "is_correct": true
  }
},
{
  "model": "school.choice",
  "pk": 89,
  "fields": {
    "question": 23,
    "text": "5 secondes",
    "is_correct": false
  }
},
{
  "model": "school.choice",
  "pk": 90,
  "fields": {
    "question": 23,
    "text": "10 secondes",
    "is_correct": false
  }
},
{
  "model": "school.choice",
  "pk": 91,
  "fields": {
    "question": 24,
    "text": "20 m",
    "is_correct": false
  }
},
{
  "model": "school.choice",
  "pk": 92,
  "fields": {
    "question": 24,
    "text": "40 m",
    "is_correct": false
  }
},
{
  "model": "school.choice",
  "pk": 93,
  "fields": {
    "question": 24,
    "text": "55-60 m",
    "is_correct": true
  }
},
{
  "model": "school.choice",
  "pk": 94,
  "fields": {
    "question": 24,
    "text": "100 m",
    "is_correct": false
  }
},
{
  "model": "school.choice",
  "pk": 95,
  "fields": {
    "question": 25,
    "text": "Reste identique",
    "is_correct": false
  }
},
{
  "model": "school.choice",
  "pk": 96,
  "fields": {
    "question": 25,
    "text": "Est divisee par 2",
    "is_correct": false
  }
},
{
  "model": "school.choice",
  "pk": 97,
  "fields": {
    "question": 25,
    "text": "Double",
    "is_correct": true
  }
},
{
  "model": "school.choice",
  "pk": 98,
  "fields": {
    "question": 25,
    "text": "Est triplee",
    "is_correct": false
  }
},
{
  "model": "school.choice",
  "pk": 99,
  "fields": {
    "question": 26,
    "text": "0.1 s",
    "is_correct": false
  }
},
{
  "model": "school.choice",
  "pk": 100,
  "fields": {
    "question": 26,
    "text": "1 s",
    "is_correct": true
  }
},
{
  "model": "school.choice",
  "pk": 101,
  "fields": {
    "question": 26,
    "text": "3 s",
    "is_correct": false
  }
},
{
  "model": "school.choice",
  "pk": 102,
  "fields": {
    "question": 26,
    "text": "5 s",
    "is_correct": false
  }
},
{
  "model": "school.choice",
  "pk": 103,
  "fields": {
    "question": 27,
    "text": "1 trait blanc",
    "is_correct": false
  }
},
{
  "model": "school.choice",
  "pk": 104,
  "fields": {
    "question": 27,
    "text": "2 traits blancs",
    "is_correct": true
  }
},
{
  "model": "school.choice",
  "pk": 105,
  "fields": {
    "question": 27,
    "text": "10 metres",
    "is_correct": false
  }
},
{
  "model": "school.choice",
  "pk": 106,
  "fields": {
    "question": 27,
    "text": "Aucune regle",
    "is_correct": false
  }
},
{
  "model": "school.choice",
  "pk": 107,
  "fields": {
    "question": 28,
    "text": "Autorise 5 minutes",
    "is_correct": false
  }
},
{
  "model": "school.choice",
  "pk": 108,
  "fields": {
    "question": 28,
    "text": "Toujours interdit",
    "is_correct": true
  }
},
{
  "model": "school.choice",
  "pk": 109,
  "fields": {
    "question": 28,
    "text": "Autorise la nuit",
    "is_correct": false
  }
},
{
  "model": "school.choice",
  "pk": 110,
  "fields": {
    "question": 28,
    "text": "Autorise le dimanche",
    "is_correct": false
  }
},
{
  "model": "school.choice",
  "pk": 111,
  "fields": {
    "question": 29,
    "text": "Stationnement et arret interdits",
    "is_correct": true
  }
},
{
  "model": "school.choice",
  "pk": 112,
  "fields": {
    "question": 29,
    "text": "Stationnement autorise",
    "is_correct": false
  }
},
{
  "model": "school.choice",
  "pk": 113,
  "fields": {
    "question": 29,
    "text": "Arret autorise mais pas stationnement",
    "is_correct": false
  }
},
{
  "model": "school.choice",
  "pk": 114,
  "fields": {
    "question": 29,
    "text": "Reservee aux taxis",
    "is_correct": false
  }
},
{
  "model": "school.choice",
  "pk": 115,
  "fields": {
    "question": 30,
    "text": "Autorise si on laisse 1m de passage",
    "is_correct": false
  }
},
{
  "model": "school.choice",
  "pk": 116,
  "fields": {
    "question": 30,
    "text": "Tres genant et interdit",
    "is_correct": true
  }
},
{
  "model": "school.choice",
  "pk": 117,
  "fields": {
    "question": 30,
    "text": "Autorise hors agglomeration",
    "is_correct": false
  }
},
{
  "model": "school.choice",
  "pk": 118,
  "fields": {
    "question": 30,
    "text": "Autorise la nuit",
    "is_correct": false
  }
},
{
  "model": "school.choice",
  "pk": 119,
  "fields": {
    "question": 31,
    "text": "Tout interdit",
    "is_correct": false
  }
},
{
  "model": "school.choice",
  "pk": 120,
  "fields": {
    "question": 31,
    "text": "Arret autorise, stationnement interdit",
    "is_correct": true
  }
},
{
  "model": "school.choice",
  "pk": 121,
  "fields": {
    "question": 31,
    "text": "Tout autorise",
    "is_correct": false
  }
},
{
  "model": "school.choice",
  "pk": 122,
  "fields": {
    "question": 31,
    "text": "Reservee aux livraisons",
    "is_correct": false
  }
},
{
  "model": "school.choice",
  "pk": 123,
  "fields": {
    "question": 32,
    "text": "Autorise 15 min",
    "is_correct": false
  }
},
{
  "model": "school.choice",
  "pk": 124,
  "fields": {
    "question": 32,
    "text": "Toujours interdit",
    "is_correct": true
  }
},
{
  "model": "school.choice",
  "pk": 125,
  "fields": {
    "question": 32,
    "text": "Autorise la nuit",
    "is_correct": false
  }
},
{
  "model": "school.choice",
  "pk": 126,
  "fields": {
    "question": 32,
    "text": "Autorise le week-end",
    "is_correct": false
  }
},
{
  "model": "school.choice",
  "pk": 127,
  "fields": {
    "question": 33,
    "text": "Proteger, Alerter, Secourir",
    "is_correct": true
  }
},
{
  "model": "school.choice",
  "pk": 128,
  "fields": {
    "question": 33,
    "text": "Secourir, Alerter, Proteger",
    "is_correct": false
  }
},
{
  "model": "school.choice",
  "pk": 129,
  "fields": {
    "question": 33,
    "text": "Filmer, Partager, Partir",
    "is_correct": false
  }
},
{
  "model": "school.choice",
  "pk": 130,
  "fields": {
    "question": 33,
    "text": "Alerter, Partir, Oublier",
    "is_correct": false
  }
},
{
  "model": "school.choice",
  "pk": 131,
  "fields": {
    "question": 34,
    "text": "15",
    "is_correct": false
  }
},
{
  "model": "school.choice",
  "pk": 132,
  "fields": {
    "question": 34,
    "text": "17",
    "is_correct": false
  }
},
{
  "model": "school.choice",
  "pk": 133,
  "fields": {
    "question": 34,
    "text": "18",
    "is_correct": false
  }
},
{
  "model": "school.choice",
  "pk": 134,
  "fields": {
    "question": 34,
    "text": "112",
    "is_correct": true
  }
},
{
  "model": "school.choice",
  "pk": 135,
  "fields": {
    "question": 35,
    "text": "15",
    "is_correct": false
  }
},
{
  "model": "school.choice",
  "pk": 136,
  "fields": {
    "question": 35,
    "text": "17",
    "is_correct": false
  }
},
{
  "model": "school.choice",
  "pk": 137,
  "fields": {
    "question": 35,
    "text": "18",
    "is_correct": true
  }
},
{
  "model": "school.choice",
  "pk": 138,
  "fields": {
    "question": 35,
    "text": "115",
    "is_correct": false
  }
},
{
  "model": "school.choice",
  "pk": 139,
  "fields": {
    "question": 36,
    "text": "Oui, toujours",
    "is_correct": false
  }
},
{
  "model": "school.choice",
  "pk": 140,
  "fields": {
    "question": 36,
    "text": "Non, sauf danger immediat",
    "is_correct": true
  }
},
{
  "model": "school.choice",
  "pk": 141,
  "fields": {
    "question": 36,
    "text": "Oui pour les remettre debout",
    "is_correct": false
  }
},
{
  "model": "school.choice",
  "pk": 142,
  "fields": {
    "question": 36,
    "text": "Oui pour les rassurer",
    "is_correct": false
  }
},
{
  "model": "school.choice",
  "pk": 143,
  "fields": {
    "question": 37,
    "text": "5 m",
    "is_correct": false
  }
},
{
  "model": "school.choice",
  "pk": 144,
  "fields": {
    "question": 37,
    "text": "10 m",
    "is_correct": false
  }
},
{
  "model": "school.choice",
  "pk": 145,
  "fields": {
    "question": 37,
    "text": "30 m minimum",
    "is_correct": true
  }
},
{
  "model": "school.choice",
  "pk": 146,
  "fields": {
    "question": 37,
    "text": "100 m exactement",
    "is_correct": false
  }
},
{
  "model": "school.choice",
  "pk": 147,
  "fields": {
    "question": 38,
    "text": "Tous les 5 ans",
    "is_correct": false
  }
},
{
  "model": "school.choice",
  "pk": 148,
  "fields": {
    "question": 38,
    "text": "Au moins 1 fois par mois",
    "is_correct": true
  }
},
{
  "model": "school.choice",
  "pk": 149,
  "fields": {
    "question": 38,
    "text": "Jamais",
    "is_correct": false
  }
},
{
  "model": "school.choice",
  "pk": 150,
  "fields": {
    "question": 38,
    "text": "Uniquement chez le garagiste",
    "is_correct": false
  }
},
{
  "model": "school.choice",
  "pk": 151,
  "fields": {
    "question": 39,
    "text": "0.5 mm",
    "is_correct": false
  }
},
{
  "model": "school.choice",
  "pk": 152,
  "fields": {
    "question": 39,
    "text": "1.6 mm",
    "is_correct": true
  }
},
{
  "model": "school.choice",
  "pk": 153,
  "fields": {
    "question": 39,
    "text": "5 mm",
    "is_correct": false
  }
},
{
  "model": "school.choice",
  "pk": 154,
  "fields": {
    "question": 39,
    "text": "10 mm",
    "is_correct": false
  }
},
{
  "model": "school.choice",
  "pk": 155,
  "fields": {
    "question": 40,
    "text": "Continuer",
    "is_correct": false
  }
},
{
  "model": "school.choice",
  "pk": 156,
  "fields": {
    "question": 40,
    "text": "Accelerer pour rentrer",
    "is_correct": false
  }
},
{
  "model": "school.choice",
  "pk": 157,
  "fields": {
    "question": 40,
    "text": "S'arreter en securite",
    "is_correct": true
  }
},
{
  "model": "school.choice",
  "pk": 158,
  "fields": {
    "question": 40,
    "text": "Ignorer",
    "is_correct": false
  }
},
{
  "model": "school.choice",
  "pk": 159,
  "fields": {
    "question": 41,
    "text": "Faire l'appoint, moteur froid",
    "is_correct": true
  }
},
{
  "model": "school.choice",
  "pk": 160,
  "fields": {
    "question": 41,
    "text": "Faire l'appoint, moteur chaud",
    "is_correct": false
  }
},
{
  "model": "school.choice",
  "pk": 161,
  "fields": {
    "question": 41,
    "text": "Ignorer",
    "is_correct": false
  }
},
{
  "model": "school.choice",
  "pk": 162,
  "fields": {
    "question": 41,
    "text": "Rouler tres vite",
    "is_correct": false
  }
},
{
  "model": "school.choice",
  "pk": 163,
  "fields": {
    "question": 42,
    "text": "1 an",
    "is_correct": false
  }
},
{
  "model": "school.choice",
  "pk": 164,
  "fields": {
    "question": 42,
    "text": "2 ans",
    "is_correct": true
  }
},
{
  "model": "school.choice",
  "pk": 165,
  "fields": {
    "question": 42,
    "text": "5 ans",
    "is_correct": false
  }
},
{
  "model": "school.choice",
  "pk": 166,
  "fields": {
    "question": 42,
    "text": "10 ans",
    "is_correct": false
  }
},
{
  "model": "school.choice",
  "pk": 167,
  "fields": {
    "question": 43,
    "text": "Feux de route",
    "is_correct": false
  }
},
{
  "model": "school.choice",
  "pk": 168,
  "fields": {
    "question": 43,
    "text": "Feux de croisement",
    "is_correct": true
  }
},
{
  "model": "school.choice",
  "pk": 169,
  "fields": {
    "question": 43,
    "text": "Aucun feu",
    "is_correct": false
  }
},
{
  "model": "school.choice",
  "pk": 170,
  "fields": {
    "question": 43,
    "text": "Feux de detresse",
    "is_correct": false
  }
},
{
  "model": "school.choice",
  "pk": 171,
  "fields": {
    "question": 44,
    "text": "Fixer leurs phares",
    "is_correct": false
  }
},
{
  "model": "school.choice",
  "pk": 172,
  "fields": {
    "question": 44,
    "text": "Fermer les yeux",
    "is_correct": false
  }
},
{
  "model": "school.choice",
  "pk": 173,
  "fields": {
    "question": 44,
    "text": "Regarder le bord droit",
    "is_correct": true
  }
},
{
  "model": "school.choice",
  "pk": 174,
  "fields": {
    "question": 44,
    "text": "Accelerer",
    "is_correct": false
  }
},
{
  "model": "school.choice",
  "pk": 175,
  "fields": {
    "question": 45,
    "text": "Aucun feu",
    "is_correct": false
  }
},
{
  "model": "school.choice",
  "pk": 176,
  "fields": {
    "question": 45,
    "text": "Feux de position au minimum",
    "is_correct": true
  }
},
{
  "model": "school.choice",
  "pk": 177,
  "fields": {
    "question": 45,
    "text": "Feux de route",
    "is_correct": false
  }
},
{
  "model": "school.choice",
  "pk": 178,
  "fields": {
    "question": 45,
    "text": "Pleins phares",
    "is_correct": false
  }
},
{
  "model": "school.choice",
  "pk": 179,
  "fields": {
    "question": 46,
    "text": "Plus d'energie",
    "is_correct": false
  }
},
{
  "model": "school.choice",
  "pk": 180,
  "fields": {
    "question": 46,
    "text": "Baillements et picotements",
    "is_correct": true
  }
},
{
  "model": "school.choice",
  "pk": 181,
  "fields": {
    "question": 46,
    "text": "Meilleure vision",
    "is_correct": false
  }
},
{
  "model": "school.choice",
  "pk": 182,
  "fields": {
    "question": 46,
    "text": "Reflexes accrus",
    "is_correct": false
  }
},
{
  "model": "school.choice",
  "pk": 183,
  "fields": {
    "question": 47,
    "text": "30 min",
    "is_correct": false
  }
},
{
  "model": "school.choice",
  "pk": 184,
  "fields": {
    "question": 47,
    "text": "1 h",
    "is_correct": false
  }
},
{
  "model": "school.choice",
  "pk": 185,
  "fields": {
    "question": 47,
    "text": "2 h",
    "is_correct": true
  }
},
{
  "model": "school.choice",
  "pk": 186,
  "fields": {
    "question": 47,
    "text": "5 h",
    "is_correct": false
  }
},
{
  "model": "school.choice",
  "pk": 187,
  "fields": {
    "question": 48,
    "text": "Accelerer puis freiner souvent",
    "is_correct": false
  }
},
{
  "model": "school.choice",
  "pk": 188,
  "fields": {
    "question": 48,
    "text": "Anticiper et conduire souplement",
    "is_correct": true
  }
},
{
  "model": "school.choice",
  "pk": 189,
  "fields": {
    "question": 48,
    "text": "Rouler en sous-regime constant",
    "is_correct": false
  }
},
{
  "model": "school.choice",
  "pk": 190,
  "fields": {
    "question": 48,
    "text": "Garder la clim au maximum",
    "is_correct": false
  }
},
{
  "model": "school.choice",
  "pk": 191,
  "fields": {
    "question": 49,
    "text": "90 km/h",
    "is_correct": false
  }
},
{
  "model": "school.choice",
  "pk": 192,
  "fields": {
    "question": 49,
    "text": "110 km/h",
    "is_correct": true
  }
},
{
  "model": "school.choice",
  "pk": 193,
  "fields": {
    "question": 49,
    "text": "130 km/h",
    "is_correct": false
  }
},
{
  "model": "school.choice",
  "pk": 194,
  "fields": {
    "question": 49,
    "text": "150 km/h",
    "is_correct": false
  }
},
{
  "model": "school.choice",
  "pk": 195,
  "fields": {
    "question": 50,
    "text": "Reduit l'adherence",
    "is_correct": true
  }
},
{
  "model": "school.choice",
  "pk": 196,
  "fields": {
    "question": 50,
    "text": "Augmente l'adherence",
    "is_correct": false
  }
},
{
  "model": "school.choice",
  "pk": 197,
  "fields": {
    "question": 50,
    "text": "Sans effet",
    "is_correct": false
  }
},
{
  "model": "school.choice",
  "pk": 198,
  "fields": {
    "question": 50,
    "text": "Augmente la duree de vie",
    "is_correct": false
  }
},
{
  "model": "school.choice",
  "pk": 199,
  "fields": {
    "question": 51,
    "text": "Aucun effet",
    "is_correct": false
  }
},
{
  "model": "school.choice",
  "pk": 200,
  "fields": {
    "question": 51,
    "text": "Augmente la consommation",
    "is_correct": true
  }
},
{
  "model": "school.choice",
  "pk": 201,
  "fields": {
    "question": 51,
    "text": "Diminue la consommation",
    "is_correct": false
  }
},
{
  "model": "school.choice",
  "pk": 202,
  "fields": {
    "question": 51,
    "text": "Ameliore l'aerodynamisme",
    "is_correct": false
  }
},
{
  "model": "school.choice",
  "pk": 203,
  "fields": {
    "question": 52,
    "text": "Plus gourmande qu'une fenetre ouverte",
    "is_correct": false
  }
},
{
  "model": "school.choice",
  "pk": 204,
  "fields": {
    "question": 52,
    "text": "Moins gourmande qu'une fenetre ouverte",
    "is_correct": true
  }
},
{
  "model": "school.choice",
  "pk": 205,
  "fields": {
    "question": 52,
    "text": "Aucun effet",
    "is_correct": false
  }
},
{
  "model": "school.choice",
  "pk": 206,
  "fields": {
    "question": 52,
    "text": "A eviter par tous les temps",
    "is_correct": false
  }
}
]
